SampleID, Reads, PCT, t-SEQ,,,,,,,
1,6775,4.07,Target: MAWLILIIAGIFEVVGTIALKYSNGFTRLIPSMITLIGYLISFYLLSQATKTLPIGTAYAIWTGIGALGAVICGIIFFKEPLTALRIVFMILLLTGIIGLKATSS*,G16W,T17A,Y39M,,,,
2,6169,3.7,Target: MAWLILIIAGIFEVVWAIALKYSNGFTRLIPSMITLIGYLISFYLLSQATKTLPIGTAYAIWTGIGALGAVICGIIFFKEPLTALRIVFMILLLTGIIGLKATSS*,Y39M,,,,,,
3,4606,2.77,Target: MAWLILIIAGIFEVVWAIALKYSNGFTRLIPSMITLIGYLISFYLLSQATKTLPIGTAYAIWTGIGILGAVICGIIFFKEPLTALRIVFMILLLTGIIGLNATSS*,Y39M,I67A,N101K,,,,
4,3863,2.32,Target: MAWLILIIAGIFEVVWAIALKYSNGFTRLIPSMITLIGYLISFYLLSQATKTLPIGTAYAIWTGIGILGAVICGIIFFKEPLTALRIVFMILLLTGIIGLKATSS*,Y39M,I67A,,,,,
5,3374,2.03,Target: MAWLILIIAGIFEVVGTIALKYSNGFTRLIPSMITLIGYLISFYLLSQATKTLPIGTAYAIWTGIGILGAVICGIIFFKEPLTALRIVFMILLLTGIIGLNATSS*,G16W,T17A,Y39M,I67A,N101K,,
6,3312,1.99,Target: MAWLILIIAGIFEVVGAIALKYSNGFTRLIPSMITLIGMLISFYLLSQATKTLPIGTAYAIWTGIGALGAVICGIIFFKEPLTALRIVFMILLLTGIIGLKATSS*,G16W,,,,,,
7,3117,1.87,Target: MAWLILIIAIIFEVVGTIALKYSNGFTRLIPSMITLIGYLISFYLLSQATKTLPIGTAYTIWTGIGALGAVICGIIFFKEPLTALRIVFMILLLTGIIGLKATSS*,I10G,G16W,T17A,Y39M,T60A,,
8,2833,1.7,Target: MAWLILIIAGIFEVVWTIALKYSNGFTRLIPSMITLIGYLISFYLLSQATKTLPIGTAYAIWTGIGALGAVICGIIFFKEPLTALRIVFMILLLTGIIGLKATSS*,T17A,Y39M,,,,,
9,2755,1.65,Target: MAWLILIIAGIFEVVWAIALKYSNGFTRLIPSMITLIGYLISFYLLSQATKTLPIGTAYTIWTGIGILGAVICGIIFFKEPLTALRIVFMILLLTGIIGLKATSS*,Y39M,T60A,I67A,,,,
10,2650,1.59,Target: MAWLILIIAGIFEVVWAIALKYSNGFTRLIPSMITLIGYLISFYLLSQATKTLPIGTAYAIWTGIGALGAVICGIIFFKEPLTALRIVFMILLLTGIIGLNATSS*,Y39M,N101K,,,,,
11,2648,1.59,Target: MAWLILIIAGIFEVVGTIALKYSNGFTRLIPSMITLIGMLISFYLLSQATKTLPIGTAYAIWTGIGALGAVICGIIFFKEPLTALRIVFMILLLTGIIGLKATSS*,G16W,T17A,,,,,
12,2204,1.32,Target: MAWLILIIAGIFEVVGTIALKYSNGFTRLIPSMITLIGYLISFYLLSQATKTLPIGTAYAIWTGIGILGAVICGIIFFKEPLTALRIVFMILLLTGIIGLKATSS*,G16W,T17A,Y39M,I67A,,,
13,2126,1.28,Target: MAWLILIIAGIFEVVWAIALKYSNGFTRLIPSMITLIGYLISFYLLSQATKTLPIGTAYTIWTGIGALGAVICGIIFFKEPLTALRIVFMILLLTGIIGLNATSS*,Y39M,T60A,N101K,,,,
14,2051,1.23,Target: MAWLILIIAGIFEVVWAIALKYSNGFTRLIPSMITLIGYLISFYLLSQATKTLPIGTAYTIWTGIGALGAVICGIIFFKEPLTALRIVFMILLLTGIIGLKATSS*,Y39M,T60A,,,,,
15,1937,1.16,Target: MAWLILIIAGIFEVVGTIALKYSNGFTRLIPSMITLIGYLISFYLLSQATKTLPIGTAYAIWTGIGALGAVICGIIFFKEPLTALRIVFMILLLTGIIGLNATSS*,G16W,T17A,Y39M,N101K,,,
16,1867,1.12,Target: MAWLILIIAGIFEVVGTIALKYSNGFTRLIPSMITLIGYLISFYLLSQATKTLPIGTAYTIWTGIGALGAVICGIIFFKEPLTALRIVFMILLLTGIIGLKATSS*,G16W,T17A,Y39M,T60A,,,
17,1777,1.07,Target: MAWLILIIAIIFEVVGAIALKYSNGFTRLIPSMITLIGYLISFYLLSQATKTLPIGTAYTIWTGIGALGAVICGIIFFKEPLTALRIVFMILLLTGIIGLNATSS*,I10G,G16W,Y39M,T60A,N101K,,
18,1498,0.9,Target: MAWLILIIAGIFEVVGTIALKYSNGFTRLIPSMITLIGMLISFYLLSQATKTLPIGTAYTIWTGIGILGAVICGIIFFKEPLTALRIVFMILLLTGIIGLNATSS*,G16W,T17A,T60A,I67A,N101K,,
19,1475,0.89,Target: MAWLILIIAIIFEVVGTIALKYSNGFTRLIPSMITLIGYLISFYLLSQATKTLPIGTAYAIWTGIGALGAVICGIIFFKEPLTALRIVFMILLLTGIIGLKATSS*,I10G,G16W,T17A,Y39M,,,
20,1380,0.83,Target: MAWLILIIAIIFEVVGTIALKYSNGFTRLIPSMITLIGYLISFYLLSQATKTLPIGTAYTIWTGIGILGAVICGIIFFKEPLTALRIVFMILLLTGIIGLKATSS*,I10G,G16W,T17A,Y39M,T60A,I67A,
21,1372,0.82,Target: MAWLILIIAGIFEVVGAIALKYSNGFTRLIPSMITLIGYLISFYLLSQATKTLPIGTAYAIWTGIGALGAVICGIIFFKEPLTALRIVFMILLLTGIIGLKATSS*,G16W,Y39M,,,,,
22,1226,0.74,Target: MAWLILIIAGIFEVVGAIALKYSNGFTRLIPSMITLIGYLISFYLLSQATKTLPIGTAYTIWTGIGILGAVICGIIFFKEPLTALRIVFMILLLTGIIGLKATSS*,G16W,Y39M,T60A,I67A,,,
23,1177,0.71,Target: MAWLILIIAGIFEVVGTIALKYSNGFTRLIPSMITLIGMLISFYLLSQATKTLPIGTAYAIWTGIGALGAVICGIIFFKEPLTALRIVFMILLLTGIIGLNATSS*,G16W,T17A,N101K,,,,
24,1163,0.7,Target: MAWLILIIAIIFEVVGAIALKYSNGFTRLIPSMITLIGYLISFYLLSQATKTLPIGTAYAIWTGIGALGAVICGIIFFKEPLTALRIVFMILLLTGIIGLKATSS*,I10G,G16W,Y39M,,,,
25,1162,0.7,Target: MAWLILIIAGIFEVVGTIALKYSNGFTRLIPSMITLIGYLISFYLLSQATKTLPIGTAYTIWTGIGILGAVICGIIFFKEPLTALRIVFMILLLTGIIGLKATSS*,G16W,T17A,Y39M,T60A,I67A,,
26,1129,0.68,Target: MAWLILIIAGIFEVVWAIALKYSNGFTRLIPSMITLIGYLISFYLLSQATKTLPIGTAYTIWTGIGILGAVICGIIFFKEPLTALRIVFMILLLTGIIGLNATSS*,Y39M,T60A,I67A,N101K,,,
27,1109,0.67,Target: MAWLILIIAGIFEVVGTIALKYSNGFTRLIPSMITLIGYLISFYLLSQATKTLPIGTAYTIWTGIGALGAVICGIIFFKEPLTALRIVFMILLLTGIIGLNATSS*,G16W,T17A,Y39M,T60A,N101K,,
28,1070,0.64,Target: MAWLILIIAIIFEVVGAIALKYSNGFTRLIPSMITLIGYLISFYLLSQATKTLPIGTAYTIWTGIGALGAVICGIIFFKEPLTALRIVFMILLLTGIIGLKATSS*,I10G,G16W,Y39M,T60A,,,
29,967,0.58,Target: MAWLILIIAIIFEVVGTIALKYSNGFTRLIPSMITLIGYLISFYLLSQATKTLPIGTAYTIWTGIGALGAVICGIIFFKEPLTALRIVFMILLLTGIIGLNATSS*,I10G,G16W,T17A,Y39M,T60A,N101K,
30,902,0.54,Target: MAWLILIIAGIFEVVGTIALKYSNGFTRLIPSMITLIGMLISFYLLSQATKTLPIGTAYTIWTGIGILGAVICGIIFFKEPLTALRIVFMILLLTGIIGLKATSS*,G16W,T17A,T60A,I67A,,,
31,876,0.53,Target: MAWLILIIAGIFEVVGAIALKYSNGFTRLIPSMITLIGMLISFYLLSQATKTLPIGTAYAIWTGIGALGAVICGIIFFKEPLTALRIVFMILLLTGIIGLNATSS*,G16W,N101K,,,,,
32,862,0.52,Target: MAWLILIIAIIFEVVGAIALKYSNGFTRLIPSMITLIGMLISFYLLSQATKTLPIGTAYAIWTGIGALGAVICGIIFFKEPLTALRIVFMILLLTGIIGLKATSS*,I10G,G16W,,,,,
33,857,0.51,Target: MAWLILIIAGIFEVVGAIALKYSNGFTRLIPSMITLIGYLISFYLLSQATKTLPIGTAYTIWTGIGILGAVICGIIFFKEPLTALRIVFMILLLTGIIGLNATSS*,G16W,Y39M,T60A,I67A,N101K,,
34,856,0.51,Target: MAWLILIIAIIFEVVGAIALKYSNGFTRLIPSMITLIGYLISFYLLSQATKTLPIGTAYAIWTGIGILGAVICGIIFFKEPLTALRIVFMILLLTGIIGLNATSS*,I10G,G16W,Y39M,I67A,N101K,,
35,851,0.51,Target: MAWLILIIAGIFEVVGAIALKYSNGFTRLIPSMITLIGYLISFYLLSQATKTLPIGTAYAIWTGIGILGAVICGIIFFKEPLTALRIVFMILLLTGIIGLKATSS*,G16W,Y39M,I67A,,,,
37,814,0.49,Target: MAWLILIIAGIFEVVGAIALKYSNGFTRLIPSMITLIGYLISFYLLSQATKTLPIGTAYAIWTGIGILGAVICGIIFFKEPLTALRIVFMILLLTGIIGLNATSS*,G16W,Y39M,I67A,N101K,,,
38,810,0.49,Target: MAWLILIIAIIFEVVWTIALKYSNGFTRLIPSMITLIGYLISFYLLSQATKTLPIGTAYAIWTGIGALGAVICGIIFFKEPLTALRIVFMILLLTGIIGLKATSS*,I10G,T17A,Y39M,,,,
39,765,0.46,Target: MAWLILIIAGIFEVVWAIALKYSNGFTRLIPSMITLIGMLISFYLLSQATKTLPIGTAYAIWTGIGALGAVICGIIFFKEPLTALRIVFMILLLTGIIGLKATSS*,,,,,,,
40,751,0.45,Target: MAWLILIIAGIFEVVWTIALKYSNGFTRLIPSMITLIGYLISFYLLSQATKTLPIGTAYAIWTGIGALGAVICGIIFFKEPLTALRIVFMILLLTGIIGLNATSS*,T17A,Y39M,N101K,,,,
41,738,0.44,Target: MAWLILIIAGIFEVVGTIALKYSNGFTRLIPSMITLIGYLISFYLLSQATKTLPIGTAYTIWTGIGILGAVICGIIFFKEPLTALRIVFMILLLTGIIGLNATSS*,G16W,T17A,Y39M,T60A,I67A,N101K,
42,721,0.43,Target: MAWLILIIAGIFEVVGAIALKYSNGFTRLIPSMITLIGYLISFYLLSQATKTLPIGTAYTIWTGIGALGAVICGIIFFKEPLTALRIVFMILLLTGIIGLKATSS*,G16W,Y39M,T60A,,,,
43,690,0.41,Target: MAWLILIIAIIFEVVWTIALKYSNGFTRLIPSMITLIGMLISFYLLSQATKTLPIGTAYTIWTGIGALGAVICGIIFFKEPLTALRIVFMILLLTGIIGLKATSS*,I10G,T17A,T60A,,,,
44,678,0.41,Target: MAWLILIIAGIFEVVGAIALKYSNGFTRLIPSMITLIGMLISFYLLSQATKTLPIGTAYTIWTGIGALGAVICGIIFFKEPLTALRIVFMILLLTGIIGLNATSS*,G16W,T60A,N101K,,,,
45,671,0.4,Target: MAWLILIIAGIFEVVGAIALKYSNGFTRLIPSMITLIGMLISFYLLSQATKTLPIGTAYAIWTGIGILGAVICGIIFFKEPLTALRIVFMILLLTGIIGLKATSS*,G16W,I67A,,,,,
46,665,0.4,Target: MAWLILIIAIIFEVVGTIALKYSNGFTRLIPSMITLIGYLISFYLLSQATKTLPIGTAYAIWTGIGILGAVICGIIFFKEPLTALRIVFMILLLTGIIGLKATSS*,I10G,G16W,T17A,Y39M,I67A,,
47,641,0.38,Target: MAWLILIIAIIFEVVGTIALKYSNGFTRLIPSMITLIGYLISFYLLSQATKTLPIGTAYAIWTGIGILGAVICGIIFFKEPLTALRIVFMILLLTGIIGLNATSS*,I10G,G16W,T17A,Y39M,I67A,N101K,
48,623,0.37,Target: MAWLILIIAIIFEVVGAIALKYSNGFTRLIPSMITLIGYLISFYLLSQATKTLPIGTAYAIWTGIGILGAVICGIIFFKEPLTALRIVFMILLLTGIIGLKATSS*,I10G,G16W,Y39M,I67A,,,
49,622,0.37,Target: MAWLILIIAIIFEVVGAIALKYSNGFTRLIPSMITLIGYLISFYLLSQATKTLPIGTAYTIWTGIGILGAVICGIIFFKEPLTALRIVFMILLLTGIIGLKATSS*,I10G,G16W,Y39M,T60A,I67A,,
50,612,0.37,Target: MAWLILIIAGIFEVVGAIALKYSNGFTRLIPSMITLIGMLISFYLLSQATKTLPIGTAYTIWTGIGALGAVICGIIFFKEPLTALRIVFMILLLTGIIGLKATSS*,G16W,T60A,,,,,
51,610,0.37,Target: MAWLILIIAIIFEVVGTIALKYSNGFTRLIPSMITLIGYLISFYLLSQATKTLPIGTAYAIWTGIGALGAVICGIIFFKEPLTALRIVFMILLLTGIIGLNATSS*,I10G,G16W,T17A,Y39M,N101K,,
52,583,0.35,Target: MAWLILIIAGIFEVVGAIALKYSNGFTRLIPSMITLIGMLISFYLLSQATKTLPIGTAYAIWTGIGILGAVICGIIFFKEPLTALRIVFMILLLTGIIGLNATSS*,G16W,I67A,N101K,,,,
53,559,0.34,Target: MAWLILIIAGIFEVVGAIALKYSNGFTRLIPSMITLIGYLISFYLLSQATKTLPIGTAYAIWTGIGALGAVICGIIFFKEPLTALRIVFMILLLTGIIGLNATSS*,G16W,Y39M,N101K,,,,
54,549,0.33,Target: MAWLILIIAGIFEVVGAIALKYSNGFTRLIPSMITLIGYLISFYLLSQATKTLPIGTAYTIWTGIGALGAVICGIIFFKEPLTALRIVFMILLLTGIIGLNATSS*,G16W,Y39M,T60A,N101K,,,
55,540,0.32,Target: MAWLILIIAGIFEVVGTIALKYSNGFTRLIPSMITLIGMLISFYLLSQATKTLPIGTAYTIWTGIGALGAVICGIIFFKEPLTALRIVFMILLLTGIIGLKATSS*,G16W,T17A,T60A,,,,
56,521,0.31,Target: MAWLILIIAIIFEVVWAIALKYSNGFTRLIPSMITLIGYLISFYLLSQATKTLPIGTAYTIWTGIGILGAVICGIIFFKEPLTALRIVFMILLLTGIIGLKATSS*,I10G,Y39M,T60A,I67A,,,
57,516,0.31,Target: MAWLILIIAIIFEVVGTIALKYSNGFTRLIPSMITLIGYLISFYLLSQATKTLPIGTAYTIWTGIGILGAVICGIIFFKEPLTALRIVFMILLLTGIIGLNATSS*,I10G,G16W,T17A,Y39M,T60A,I67A,N101K
58,504,0.3,Target: MAWLILIIAGIFEVVGTIALKYSNGFTRLIPSMITLIGMLISFYLLSQATKTLPIGTAYAIWTGIGILGAVICGIIFFKEPLTALRIVFMILLLTGIIGLKATSS*,G16W,T17A,I67A,,,,
59,501,0.3,Target: MAWLILIIAGIFEVVGTIALKYSNGFTRLIPSMITLIGMLISFYLLSQATKTLPIGTAYAIWTGIGILGAVICGIIFFKEPLTALRIVFMILLLTGIIGLNATSS*,G16W,T17A,I67A,N101K,,,
60,474,0.28,Target: MAWLILIIAIIFEVVGAIALKYSNGFTRLIPSMITLIGYLISFYLLSQATKTLPIGTAYAIWTGIGALGAVICGIIFFKEPLTALRIVFMILLLTGIIGLNATSS*,I10G,G16W,Y39M,N101K,,,
61,457,0.27,Target: MAWLILIIAIIFEVVWTIALKYSNGFTRLIPSMITLIGMLISFYLLSQATKTLPIGTAYAIWTGIGILGAVICGIIFFKEPLTALRIVFMILLLTGIIGLNATSS*,I10G,T17A,I67A,N101K,,,
62,429,0.26,Target: MAWLILIIAGIFEVVWTIALKYSNGFTRLIPSMITLIGYLISFYLLSQATKTLPIGTAYAIWTGIGILGAVICGIIFFKEPLTALRIVFMILLLTGIIGLNATSS*,T17A,Y39M,I67A,N101K,,,
63,402,0.24,Target: MAWLILIIAIIFEVVWAIALKYSNGFTRLIPSMITLIGMLISFYLLSQATKTLPIGTAYAIWTGIGILGAVICGIIFFKEPLTALRIVFMILLLTGIIGLKATSS*,I10G,I67A,,,,,
64,398,0.24,Target: MAWLILIIAIIFEVVWAIALKYSNGFTRLIPSMITLIGYLISFYLLSQATKTLPIGTAYAIWTGIGALGAVICGIIFFKEPLTALRIVFMILLLTGIIGLKATSS*,I10G,Y39M,,,,,
65,394,0.24,Target: MAWLILIIAGIFEVVWTIALKYSNGFTRLIPSMITLIGYLISFYLLSQATKTLPIGTAYAIWTGIGILGAVICGIIFFKEPLTALRIVFMILLLTGIIGLKATSS*,T17A,Y39M,I67A,,,,
66,350,0.21,Target: MAWLILIIAIIFEVVGTIALKYSNGFTRLIPSMITLIGMLISFYLLSQATKTLPIGTAYAIWTGIGALGAVICGIIFFKEPLTALRIVFMILLLTGIIGLKATSS*,I10G,G16W,T17A,,,,
67,348,0.21,Target: MAWLILIIAGIFEVVGTIALKYSNGFTRLIPSMITLIGMLISFYLLSQATKTLPIGTAYTIWTGIGALGAVICGIIFFKEPLTALRIVFMILLLTGIIGLNATSS*,G16W,T17A,T60A,N101K,,,
68,348,0.21,Target: MAWLILIIAGIFEVVWAIALKYSNGFTRLIPSMITLIGMLISFYLLSQATKTLPIGTAYAIWTGIGALGAVICGIIFFKEPLTALRIVFMILLLTGIIGLNATSS*,N101K,,,,,,
69,341,0.2,Target: MAWLILIIAGIFEVVGAIALKYSNGFTRLIPSMITLIGMLISFYLLSQATKTLPIGTAYTIWTGIGILGAVICGIIFFKEPLTALRIVFMILLLTGIIGLKATSS*,G16W,T60A,I67A,,,,
70,328,0.2,Target: MAWLILIIAGIFEVVWTIALKYSNGFTRLIPSMITLIGYLISFYLLSQATKTLPIGTAYTIWTGIGALGAVICGIIFFKEPLTALRIVFMILLLTGIIGLKATSS*,T17A,Y39M,T60A,,,,
71,326,0.2,Target: MAWLILIIAGIFEVVGAIALKYSNGFTRLIPSMITLIGMLISFYLLSQATKTLPIGTAYTIWTGIGILGAVICGIIFFKEPLTALRIVFMILLLTGIIGLNATSS*,G16W,T60A,I67A,N101K,,,
72,317,0.19,Target: MAWLILIIAIIFEVVWTIALKYSNGFTRLIPSMITLIGMLISFYLLSQATKTLPIGTAYAIWTGIGALGAVICGIIFFKEPLTALRIVFMILLLTGIIGLKATSS*,I10G,T17A,,,,,
73,314,0.19,Target: MAWLILIIAIIFEVVGAIALKYSNGFTRLIPSMITLIGYLISFYLLSQATKTLPIGTAYTIWTGIGILGAVICGIIFFKEPLTALRIVFMILLLTGIIGLNATSS*,I10G,G16W,Y39M,T60A,I67A,N101K,
74,293,0.18,Target: MAWLILIIAGIFEVVWAIALKYSNGFTRLIPSMITLIGMLISFYLLSQATKTLPIGTAYAIWTGIGILGAVICGIIFFKEPLTALRIVFMILLLTGIIGLKATSS*,I67A,,,,,,
75,287,0.17,Target: MAWLILIIAIIFEVVGAIALKYSNGFTRLIPSMITLIGMLISFYLLSQATKTLPIGTAYAIWTGIGALGAVICGIIFFKEPLTALRIVFMILLLTGIIGLNATSS*,I10G,G16W,N101K,,,,
76,278,0.17,Target: MAWLILIIAGIFEVVWTIALKYSNGFTRLIPSMITLIGYLISFYLLSQATKTLPIGTAYTIWTGIGILGAVICGIIFFKEPLTALRIVFMILLLTGIIGLKATSS*,T17A,Y39M,T60A,I67A,,,
77,262,0.16,Target: MAWLILIIAIIFEVVWAIALKYSNGFTRLIPSMITLIGYLISFYLLSQATKTLPIGTAYAIWTGIGILGAVICGIIFFKEPLTALRIVFMILLLTGIIGLNATSS*,I10G,Y39M,I67A,N101K,,,
78,256,0.15,Target: MAWLILIIAGIFEVVWAIALKYSNGFTRLIPSMITLIGMLISFYLLSQATKTLPIGTAYTIWTGIGALGAVICGIIFFKEPLTALRIVFMILLLTGIIGLKATSS*,T60A,,,,,,
79,249,0.15,Target: MAWLILIIAIIFEVVWAIALKYSNGFTRLIPSMITLIGYLISFYLLSQATKTLPIGTAYAIWTGIGILGAVICGIIFFKEPLTALRIVFMILLLTGIIGLKATSS*,I10G,Y39M,I67A,,,,
81,245,0.15,Target: MAWLILIIAIIFEVVWTIALKYSNGFTRLIPSMITLIGYLISFYLLSQATKTLPIGTAYAIWTGIGALGAVICGIIFFKEPLTALRIVFMILLLTGIIGLNATSS*,I10G,T17A,Y39M,N101K,,,
82,243,0.15,Target: MAWLILIIAGIFEVVWAIALKYSNGFTRLIPSMITLIGMLISFYLLSQATKTLPIGTAYAIWTGIGILGAVICGIIFFKEPLTALRIVFMILLLTGIIGLNATSS*,I67A,N101K,,,,,
83,231,0.14,Target: MAWLILIIAGIFEVVWTIALKYSNGFTRLIPSMITLIGYLISFYLLSQATKTLPIGTAYTIWTGIGALGAVICGIIFFKEPLTALRIVFMILLLTGIIGLNATSS*,T17A,Y39M,T60A,N101K,,,
84,220,0.13,Target: MAWLILIIAGIFEVVWAIALKYSNGFTRLIPSMITLIGMLISFYLLSQATKTLPIGTAYTIWTGIGILGAVICGIIFFKEPLTALRIVFMILLLTGIIGLKATSS*,T60A,I67A,,,,,
85,205,0.12,Target: MAWLILIIAIIFEVVWTIALKYSNGFTRLIPSMITLIGYLISFYLLSQATKTLPIGTAYAIWTGIGILGAVICGIIFFKEPLTALRIVFMILLLTGIIGLNATSS*,I10G,T17A,Y39M,I67A,N101K,,
86,202,0.12,Target: MAWLILIIAIIFEVVWAIALKYSNGFTRLIPSMITLIGYLISFYLLSQATKTLPIGTAYTIWTGIGALGAVICGIIFFKEPLTALRIVFMILLLTGIIGLKATSS*,I10G,Y39M,T60A,,,,
87,200,0.12,Target: MAWLILIIAGIFEVVWAIALKYSNGFTRLIPSMITLIGMLISFYLLSQATKTLPIGTAYTIWTGIGILGAVICGIIFFKEPLTALRIVFMILLLTGIIGLNATSS*,T60A,I67A,N101K,,,,
88,196,0.12,Target: MAWLILIIAGIFEVVWTIALKYSNGFTRLIPSMITLIGMLISFYLLSQATKTLPIGTAYAIWTGIGALGAVICGIIFFKEPLTALRIVFMILLLTGIIGLKATSS*,T17A,,,,,,
89,193,0.12,Target: MAWLILIIAIIFEVVWTIALKYSNGFTRLIPSMITLIGMLISFYLLSQATKTLPIGTAYTIWTGIGALGAVICGIIFFKEPLTALRIVFMILLLTGIIGLNATSS*,I10G,T17A,T60A,N101K,,,
90,192,0.12,Target: MAWLILIIAGIFEVVWTIALKYSNGFTRLIPSMITLIGYLISFYLLSQATKTLPIGTAYTIWTGIGILGAVICGIIFFKEPLTALRIVFMILLLTGIIGLNATSS*,T17A,Y39M,T60A,I67A,N101K,,
91,189,0.11,Target: MAWLILIIAIIFEVVWTIALKYSNGFTRLIPSMITLIGMLISFYLLSQATKTLPIGTAYAIWTGIGILGAVICGIIFFKEPLTALRIVFMILLLTGIIGLKATSS*,I10G,T17A,I67A,,,,
92,175,0.11,Target: MAWLILIIAIIFEVVWTIALKYSNGFTRLIPSMITLIGYLISFYLLSQATKTLPIGTAYAIWTGIGILGAVICGIIFFKEPLTALRIVFMILLLTGIIGLKATSS*,I10G,T17A,Y39M,I67A,,,
93,174,0.1,Target: MAWLILIIAIIFEVVGAIALKYSNGFTRLIPSMITLIGMLISFYLLSQATKTLPIGTAYTIWTGIGILGAVICGIIFFKEPLTALRIVFMILLLTGIIGLKATSS*,I10G,G16W,T60A,I67A,,,
94,173,0.1,Target: MAWLILIIAIIFEVVGTIALKYSNGFTRLIPSMITLIGMLISFYLLSQATKTLPIGTAYAIWTGIGALGAVICGIIFFKEPLTALRIVFMILLLTGIIGLNATSS*,I10G,G16W,T17A,N101K,,,
95,171,0.1,Target: MAWLILIIAIIFEVVGAIALKYSNGFTRLIPSMITLIGMLISFYLLSQATKTLPIGTAYAIWTGIGILGAVICGIIFFKEPLTALRIVFMILLLTGIIGLKATSS*,I10G,G16W,I67A,,,,
97,164,0.1,Target: MAWLILIIAIIFEVVWTIALKYSNGFTRLIPSMITLIGYLISFYLLSQATKTLPIGTAYTIWTGIGALGAVICGIIFFKEPLTALRIVFMILLLTGIIGLKATSS*,I10G,T17A,Y39M,T60A,,,
98,164,0.1,Target: MAWLILIIAGIFEVVWAIALKYSNGFTRLIPSMITLIGMLISFYLLSQATKTLPIGTAYTIWTGIGALGAVICGIIFFKEPLTALRIVFMILLLTGIIGLNATSS*,T60A,N101K,,,,,
99,162,0.1,Target: MAWLILIIAIIFEVVGAIALKYSNGFTRLIPSMITLIGMLISFYLLSQATKTLPIGTAYTIWTGIGALGAVICGIIFFKEPLTALRIVFMILLLTGIIGLKATSS*,I10G,G16W,T60A,,,,
100,156,0.09,Target: MAWLILIIAIIFEVVWTIALKYSNGFTRLIPSMITLIGYLISFYLLSQATKTLPIGTAYTIWTGIGILGAVICGIIFFKEPLTALRIVFMILLLTGIIGLKATSS*,I10G,T17A,Y39M,T60A,I67A,,
101,154,0.09,Target: MAWLILIIAIIFEVVWAIALKYSNGFTRLIPSMITLIGYLISFYLLSQATKTLPIGTAYAIWTGIGALGAVICGIIFFKEPLTALRIVFMILLLTGIIGLNATSS*,I10G,Y39M,N101K,,,,
102,153,0.09,Target: MAWLILIIAIIFEVVGAIALKYSNGFTRLIPSMITLIGMLISFYLLSQATKTLPIGTAYTIWTGIGALGAVICGIIFFKEPLTALRIVFMILLLTGIIGLNATSS*,I10G,G16W,T60A,N101K,,,
103,153,0.09,Target: MAWLILIIAIIFEVVWAIALKYSNGFTRLIPSMITLIGYLISFYLLSQATKTLPIGTAYTIWTGIGALGAVICGIIFFKEPLTALRIVFMILLLTGIIGLNATSS*,I10G,Y39M,T60A,N101K,,,
104,151,0.09,Target: MAWLILIIAIIFEVVWAIALKYSNGFTRLIPSMITLIGMLISFYLLSQATKTLPIGTAYAIWTGIGALGAVICGIIFFKEPLTALRIVFMILLLTGIIGLKATSS*,I10G,,,,,,
105,147,0.09,Target: MAWLILIIAIIFEVVWAIALKYSNGFTRLIPSMITLIGYLISFYLLSQATKTLPIGTAYTIWTGIGILGAVICGIIFFKEPLTALRIVFMILLLTGIIGLNATSS*,I10G,Y39M,T60A,I67A,N101K,,
106,146,0.09,Target: MAWLILIIAIIFEVVGAIALKYSNGFTRLIPSMITLIGMLISFYLLSQATKTLPIGTAYAIWTGIGILGAVICGIIFFKEPLTALRIVFMILLLTGIIGLNATSS*,I10G,G16W,I67A,N101K,,,
108,131,0.08,Target: MAWLILIIAIIFEVVWAIALKYSNGFTRLIPSMITLIGMLISFYLLSQATKTLPIGTAYAIWTGIGILGAVICGIIFFKEPLTALRIVFMILLLTGIIGLNATSS*,I10G,I67A,N101K,,,,
110,126,0.08,Target: MAWLILIIAIIFEVVWTIALKYSNGFTRLIPSMITLIGMLISFYLLSQATKTLPIGTAYTIWTGIGILGAVICGIIFFKEPLTALRIVFMILLLTGIIGLKATSS*,I10G,T17A,T60A,I67A,,,
111,125,0.08,Target: MAWLILIIAIIFEVVGAIALKYSNGFTRLIPSMITLIGMLISFYLLSQATKTLPIGTAYTIWTGIGILGAVICGIIFFKEPLTALRIVFMILLLTGIIGLNATSS*,I10G,G16W,T60A,I67A,N101K,,
112,124,0.07,Target: MAWLILIIAIIFEVVWTIALKYSNGFTRLIPSMITLIGMLISFYLLSQATKTLPIGTAYAIWTGIGALGAVICGIIFFKEPLTALRIVFMILLLTGIIGLNATSS*,I10G,T17A,N101K,,,,
113,113,0.07,Target: MAWLILIIAGIFEVVWTIALKYSNGFTRLIPSMITLIGMLISFYLLSQATKTLPIGTAYTIWTGIGALGAVICGIIFFKEPLTALRIVFMILLLTGIIGLKATSS*,T17A,T60A,,,,,
114,105,0.06,Target: MAWLILIIAIIFEVVWTIALKYSNGFTRLIPSMITLIGYLISFYLLSQATKTLPIGTAYTIWTGIGALGAVICGIIFFKEPLTALRIVFMILLLTGIIGLNATSS*,I10G,T17A,Y39M,T60A,N101K,,
115,102,0.06,Target: MAWLILIIAIIFEVVGTIALKYSNGFTRLIPSMITLIGMLISFYLLSQATKTLPIGTAYTIWTGIGILGAVICGIIFFKEPLTALRIVFMILLLTGIIGLNATSS*,I10G,G16W,T17A,T60A,I67A,N101K,
116,101,0.06,Target: MAWLILIIAIIFEVVGTIALKYSNGFTRLIPSMITLIGMLISFYLLSQATKTLPIGTAYAIWTGIGILGAVICGIIFFKEPLTALRIVFMILLLTGIIGLNATSS*,I10G,G16W,T17A,I67A,N101K,,
118,94,0.06,Target: MAWLILIIAIIFEVVWAIALKYSNGFTRLIPSMITLIGMLISFYLLSQATKTLPIGTAYAIWTGIGALGAVICGIIFFKEPLTALRIVFMILLLTGIIGLNATSS*,I10G,N101K,,,,,
119,90,0.05,Target: MAWLILIIAIIFEVVGTIALKYSNGFTRLIPSMITLIGMLISFYLLSQATKTLPIGTAYAIWTGIGILGAVICGIIFFKEPLTALRIVFMILLLTGIIGLKATSS*,I10G,G16W,T17A,I67A,,,
120,90,0.05,Target: MAWLILIIAIIFEVVWTIALKYSNGFTRLIPSMITLIGYLISFYLLSQATKTLPIGTAYTIWTGIGILGAVICGIIFFKEPLTALRIVFMILLLTGIIGLNATSS*,I10G,T17A,Y39M,T60A,I67A,N101K,
121,89,0.05,Target: MAWLILIIAIIFEVVGTIALKYSNGFTRLIPSMITLIGMLISFYLLSQATKTLPIGTAYTIWTGIGALGAVICGIIFFKEPLTALRIVFMILLLTGIIGLKATSS*,I10G,G16W,T17A,T60A,,,
122,87,0.05,Target: MAWLILIIAIIFEVVGTIALKYSNGFTRLIPSMITLIGMLISFYLLSQATKTLPIGTAYTIWTGIGILGAVICGIIFFKEPLTALRIVFMILLLTGIIGLKATSS*,I10G,G16W,T17A,T60A,I67A,,
123,83,0.05,Target: MAWLILIIAIIFEVVWTIALKYSNGFTRLIPSMITLIGMLISFYLLSQATKTLPIGTAYTIWTGIGILGAVICGIIFFKEPLTALRIVFMILLLTGIIGLNATSS*,I10G,T17A,T60A,I67A,N101K,,
125,78,0.05,Target: MAWLILIIAIIFEVVGTIALKYSNGFTRLIPSMITLIGMLISFYLLSQATKTLPIGTAYTIWTGIGALGAVICGIIFFKEPLTALRIVFMILLLTGIIGLNATSS*,I10G,G16W,T17A,T60A,N101K,,
126,73,0.04,Target: MAWLILIIAGIFEVVWTIALKYSNGFTRLIPSMITLIGMLISFYLLSQATKTLPIGTAYAIWTGIGILGAVICGIIFFKEPLTALRIVFMILLLTGIIGLKATSS*,T17A,I67A,,,,,
127,71,0.04,Target: MAWLILIIAGIFEVVWTIALKYSNGFTRLIPSMITLIGMLISFYLLSQATKTLPIGTAYAIWTGIGALGAVICGIIFFKEPLTALRIVFMILLLTGIIGLNATSS*,T17A,N101K,,,,,
128,68,0.04,Target: MAWLILIIAGIFEVVWTIALKYSNGFTRLIPSMITLIGMLISFYLLSQATKTLPIGTAYTIWTGIGILGAVICGIIFFKEPLTALRIVFMILLLTGIIGLKATSS*,T17A,T60A,I67A,,,,
130,61,0.04,Target: MAWLILIIAGIFEVVGTIALKYSNGFTRLIPSMITLIGYLISFYLLSQATKTLPIGTAYAIWTGIGALGAVICCIIFFKEPLTALRIVFMILLLTGIIGLKATSS*,G16W,T17A,Y39M,C74G,,,
131,59,0.04,Target: MAWLILIIAGIFEVVWTIALKYSNGFTRLIPSMITLIGMLISFYLLSQATKTLPIGTAYAIWTGIGILGAVICGIIFFKEPLTALRIVFMILLLTGIIGLNATSS*,T17A,I67A,N101K,,,,
133,59,0.04,Target: MAWLILIIAGIFEVVWAIALKYSNGFTRLIPSMITLIGYLISFYLLSQATKTLPIGTAYAIWTGIGILGAVICCIIFFKEPLTALRIVFMILLLTGIIGLNATSS*,Y39M,I67A,C74G,N101K,,,
135,58,0.03,Target: MAWLILIIAGIFEVVWTIALKYSNGFTRLIPSMITLIGMLISFYLLSQATKTLPIGTAYTIWTGIGALGAVICGIIFFKEPLTALRIVFMILLLTGIIGLNATSS*,T17A,T60A,N101K,,,,
137,56,0.03,Target: MAWLILIIAIIFEVVWAIALKYSNGFTRLIPSMITLIGMLISFYLLSQATKTLPIGTAYTIWTGIGILGAVICGIIFFKEPLTALRIVFMILLLTGIIGLKATSS*,I10G,T60A,I67A,,,,
138,56,0.03,Target: MAWLILIIAGIFEVVWAIALKYSNGFTRLIPSMITLIGYLISFYLLSQATKTLPIGTAYAIWTGIGALGAVICCIIFFKEPLTALRIVFMILLLTGIIGLKATSS*,Y39M,C74G,,,,,
139,52,0.03,Target: MAWLILIIAGIFEVVWTIALKYSNGFTRLIPSMITLIGMLISFYLLSQATKTLPIGTAYTIWTGIGILGAVICGIIFFKEPLTALRIVFMILLLTGIIGLNATSS*,T17A,T60A,I67A,N101K,,,
142,45,0.03,Target: MAWLILIIAIIFEVVWAIALKYSNGFTRLIPSMITLIGMLISFYLLSQATKTLPIGTAYTIWTGIGALGAVICGIIFFKEPLTALRIVFMILLLTGIIGLNATSS*,I10G,T60A,N101K,,,,
144,43,0.03,Target: MAWLILIIAIIFEVVWAIALKYSNGFTRLIPSMITLIGMLISFYLLSQATKTLPIGTAYTIWTGIGALGAVICGIIFFKEPLTALRIVFMILLLTGIIGLKATSS*,I10G,T60A,,,,,
150,36,0.02,Target: MAWLILIIAGIFEVVGTIALKYSNGFTRLIPSMITLIGYLISFYLLSQATKTLPIGTAYAIWTGIGALGAVICGIIFFTEPLTALRIVFMILLLTGIIGLKATSS*,G16W,T17A,Y39M,T79K,,,
152,35,0.02,Target: MAWLILIIAIIFEVVWAIALKYSNGFTRLIPSMITLIGMLISFYLLSQATKTLPIGTAYTIWTGIGILGAVICGIIFFKEPLTALRIVFMILLLTGIIGLNATSS*,I10G,T60A,I67A,N101K,,,
153,35,0.02,Target: MAWLILIIAGIFEVVGTIALKYSNGFTRLIPSMITLIGYLISFYLLSQATKTLPIGTAYAIWTGIGALGAVICGIIFFKEPLTALRIVFMILLLTGIIGLNATSS*,G16W,T17A,Y39M,N101K,,,
154,35,0.02,Target: MAWLILIIAGIFEVVWAIALKYSNGFTRLIPSMITLIGYLISFYLLSQATKTLPIGTAYAIWTGIGILGAVICGIIFFKEPLTALRIVFMSLLLTGIIGLNATSS*,Y39M,I67A,S91I,N101K,,,
155,35,0.02,Target: MAWLILIIAGIFEVVWAIALKYSNGFTRLIPSMITLIGYLISFYLLSQATKTLPIGTAYAIWTGIGILGAVICCIIFFKEPLTALRIVFMILLLTGIIGLKATSS*,Y39M,I67A,C74G,,,,
157,33,0.02,Target: MAWLILIIAGIFEVVGTIALKYSNGFTRLIPSMITLIGYLISFYLLSQATKTLPIGTAYAIWTGIGALGAVICGIIFFKEPLTALRIVFMILLLTGIIGLTATSS*,G16W,T17A,Y39M,T101K,,,
158,32,0.02,Target: MAWLILIIAGIFEVVWTIALKYSNGFTRLIPSMITLIGYLISFYLLSQATKTLPIGTAYAIWTGIGALGAVICCIIFFKEPLTALRIVFMILLLTGIIGLKATSS*,T17A,Y39M,C74G,,,,
159,31,0.02,Target: MAWLILIIAIIFEVVGTIALKYSNGFTRLIPSMITLIGYLISFYLLSQATKTLPIGTAYTIWTGIGALGAVICCIIFFKEPLTALRIVFMILLLTGIIGLKATSS*,I10G,G16W,T17A,Y39M,T60A,C74G,
160,31,0.02,Target: MAWLILIIAGIFEVVGAIALKYSNGFTRLIPSMITLIGMLISFYLLSQATKTLPIGTAYAIWTGIGALGAVICCIIFFKEPLTALRIVFMILLLTGIIGLKATSS*,G16W,C74G,,,,,
162,30,0.02,Target: MAWLILIIAGIFEVVGTIALKYSNGFTRLIPSMITLIGYLISFYLLSQATKTLPIGTAYAIWTGIGILGAVICCIIFFKEPLTALRIVFMILLLTGIIGLNATSS*,G16W,T17A,Y39M,I67A,C74G,N101K,
166,29,0.02,Target: MAWLILIIAGIFEVVWAIALKYSNGFTRLIPSMITLIGYLISFYLLSQATKTLPIGTAYTIWTGIGILGAVICCIIFFKEPLTALRIVFMILLLTGIIGLKATSS*,Y39M,T60A,I67A,C74G,,,
167,29,0.02,Target: MAWLILIIAGIFEVVWAIALKYSNGFTRLIPSMITLIGYLISFYLLSQATKTLPIGTAYAIWTGIGALGAVICGIIFFKEPLTALRIVFMILLLTGIIGLNATSS*,Y39M,N101K,,,,,
168,28,0.02,Target: MAWLILIIAGIFEVVGTIALKYSNGFTRLIPSMITLIGMLISFYLLSQATKTLPIGTAYAIWTGIGALGAVICGIIFFKEPLTALRIVFMILLLTGIIGLNATSS*,G16W,T17A,N101K,,,,
169,28,0.02,Target: MAWLILIIAGIFEVVWAIALKYSNGFTRLIPSMITLIGYLISFYLLSQATKTLPIGTAYTIWTGIGALGAVICCIIFFKEPLTALRIVFMILLLTGIIGLNATSS*,Y39M,T60A,C74G,N101K,,,
172,27,0.02,Target: MAWLILIIAGIFEVVWAIALKYSNGFTRLIPSMITLIGYLISFYLLSQATKTLPIGTAYAIWTGIGALGAVICGIIFFTEPLTALRIVFMILLLTGIIGLKATSS*,Y39M,T79K,,,,,
174,26,0.02,Target: MAWLILIIAGIFEVVGTIALKYSNGFTRLIPSMITLIGYLISFYLLSQATKTLPIGTAYAIWTGIGILGAVICGIIFFTEPLTALRIVFMILLLTGIIGLNATSS*,G16W,T17A,Y39M,I67A,T79K,N101K,
175,26,0.02,Target: MAWLILIIAGIFEVVGAIALKYSNGFTRLIPSMITLIGMLISFYLLSQATKTLPIGTAYAIWTGIGALGAVICGIIFFKEPLTALRIVFMILLLTGIIGLNATSS*,G16W,N101K,,,,,
179,24,0.01,Target: MAWLILIIAGIFEVVWAIALKYSNGFTRLIPSMITLIGYLISFYLLSQATKTLPIGTAYAIWTGIGALGAVICCIIFFKEPLTALRIVFMILLLTGIIGLNATSS*,Y39M,C74G,N101K,,,,
181,23,0.01,Target: MAWLILIIAGIFEVVGTIALKYSNGFTRLIPSMITLIGYLISFYLLSQATKTLPIGTAYAIWTGIGILGAVICCIIFFKEPLTALRIVFMILLLTGIIGLKATSS*,G16W,T17A,Y39M,I67A,C74G,,
182,23,0.01,Target: MAWLILIIAGIFEVVGTIALKYSNGFTRLIPSMITLIGYLISFYLLSQATKTLPIGTAYAIWTGIGALGAVICGIIFFKEPRTALRIVFMILLLTGIIGLKATSS*,G16W,T17A,Y39M,R82L,,,
183,23,0.01,Target: MAWLILIIAGIFEVVGTIALKYSNGFTRLIPSMITLIGYLISFYLLSQATKTLPIGTAYAIWTGIGALGAVICCIIFFKEPLTALRIVFMILLLTGIIGLNATSS*,G16W,T17A,Y39M,C74G,N101K,,
185,23,0.01,Target: MAWLILIIAGIFEVVWAIALKYSNGFTRLIPSMITLIGYLISFYLLSQATKTLPIGTAYTIWTGIGILGAVICGIIFFKEPLTALRIVFMILLLTGIIGLNATSS*,Y39M,T60A,I67A,N101K,,,
186,23,0.01,Target: MAWLILIIAGIFEVVWAIALKYSNGFTRLIPSMITLIGYLISFYLLSQATKTLPIGTAYAIWTGIGILGAVICGIIFFKEPLTALRIVFMILLLTGIIGLNATSS*,Y39M,I67A,N101K,,,,
187,23,0.01,Target: MAWLILIIAGIFEVVWAIALKYSNGFTRLIPSMITLIGYLISFYLLSQATKTLPIGTAYAIWTGIGILGAVICGIIFFKEPLTALRIVFMILLLTGIIGLTATSS*,Y39M,I67A,T101K,,,,
188,23,0.01,Target: MAWLILIIAGIFEVVWAIALKYSNGFTRLIPSMITLIGYLISFYLLSQATKTLPIGTAYAIWTGIGILGAVICGIIFFTEPLTALRIVFMILLLTGIIGLNATSS*,Y39M,I67A,T79K,N101K,,,
189,22,0.01,Target: MAWLILIIAGIFEVVGTIALKYSNGFTRLIPSMITLIGMLISFYLLSQATKTLPIGTAYAIWTGIGALGAVICCIIFFKEPLTALRIVFMILLLTGIIGLKATSS*,G16W,T17A,C74G,,,,
191,22,0.01,Target: MAWLILIIAGIFEVVWTIALKYSNGFTRLIPSMITLIGYLISFYLLSQATKTLPIGTAYAIWTGIGALGAVICGIIFFKEPLTALRIVFMILLLTGIIGLNATSS*,T17A,Y39M,N101K,,,,
192,22,0.01,Target: MAWLILIIAGIFEVVWAIALKYSNGFTRLIPSMITLIGYLISFYLLSQATKTLPIGTAYAIWTGIGALGAVICGIIFFKEPLTALRIVFMSLLLTGIIGLNATSS*,Y39M,S91I,N101K,,,,
195,21,0.01,Target: MAWLILIIAGIFEVVWAIALKYSNGFTRLIPSMITLIGYLISFYLLSQATKTLPIGTAYAIWTGIGILGAVICGIIFFKEPLTALRIVFMSLLLTGIIGLKATSS*,Y39M,I67A,S91I,,,,
196,21,0.01,Target: MAWLILIIAGIFEVVWAIALKYSNGFTRLIPSMITLIGYLISFYLLSQATKTLPIGTAYAIWTGIGALGAVICGIIFFKEPLTALRIVFMILLLTGIMGLKATSS*,Y39M,M98I,,,,,
197,20,0.01,Target: MAWLILIIAGIFEVVGTIALKYSNGFTRLIPSMITLIGMLISFYLLSQATKTLPIGTAYTIWTGIGILGAVICCIIFFKEPLTALRIVFMILLLTGIIGLNATSS*,G16W,T17A,T60A,I67A,C74G,N101K,
198,20,0.01,Target: MAWLILIIAGIFEVVGTIALKYSNGFTRLIPSMITLIGYLISFYLLSQATKTLPIGTAYAIWTGIGALGAAICGIIFFKEPLTALRIVFMILLLTGIIGLKATSS*,G16W,T17A,Y39M,A71V,,,
199,20,0.01,Target: MAWLILIIAGIFEVVWAIALKYSNGFTRLIPSMITLIGYLISFYLLSQATKTLPIGTAYAIWTGIGILGAVICGIIFFTEPLTALRIVFMILLLTGIIGLKATSS*,Y39M,I67A,T79K,,,,
202,19,0.01,Target: MAWLILIIAIIFEVVGTIALKYSNGFTRLIPSMITLIGYLISFYLLSQATKTLPIGTAYTIWTGIGALGAVICGIIFFKEPLTALRIVFMILLLTGIIGLNATSS*,I10G,G16W,T17A,Y39M,T60A,N101K,
204,19,0.01,Target: MAWLILIIAGIFEVVGTIALKYSNGFTRLIPSMITLIGYLISFYLLSQATKTLPIGTAYAIWTGIGALGAVICGIILFKEPLTALRIVFMILLLTGIIGLKATSS*,G16W,T17A,Y39M,L77F,,,
205,19,0.01,Target: MAWLILIIAGIFEVVGTIALKYSNGFTRLIPSMIALIGYLISFYLLSQATKTLPIGTAYAIWTGIGALGAVICGIIFFKEPLTALRIVFMILLLTGIIGLKATSS*,G16W,T17A,A35T,Y39M,,,
206,19,0.01,Target: MAWLILIIAGIFEVVGAIALKYSNGFTRLIPSMITLIGMLISFYLLSQATKTLPIGTAYAIWTGIGALGAVICGIIFFKEPLTALRIVFMSLLLTGIIGLKATSS*,G16W,S91I,,,,,
208,19,0.01,Target: MAWLILIIAGIFEVVWAIALKYSNGFTRLIPSMITLIGYLISFYLLSQATKTLPIGTAYAIWTGIGALGAVICGIIFFKEPRTALRIVFMILLLTGIIGLKATSS*,Y39M,R82L,,,,,
209,19,0.01,Target: MAWLILIIAGIFEVVWAIALKYSNGFTRLIPSMITLIGYLISFYLLSQATKTLPIGTAYAIWAGIGALGAVICGIIFFKEPLTALRIVFMILLLTGIIGLKATSS*,Y39M,A63T,,,,,
212,18,0.01,Target: MAWLILIIAGIFEVVGTIALKYSNGFTRLIPSMITLIGYLISFYLLSQATKTLPIGTAYAIWTGIGALGAVICGIIFFKEPLTALRIVFMILLLTGIIGLKATSS*,G16W,T17A,Y39M,,,,
213,18,0.01,Target: MAWLILIIAGIFEVVGTIALKYSNGFTRLIPSMITLIGYLISFYLLSQATKTLPIGTAYTIWTGIGALGAVICGIIFFKEPLTALRIVFMILLLTGIIGLNATSS*,G16W,T17A,Y39M,T60A,N101K,,
214,18,0.01,Target: MAWLILIIAGIFEVVGTIALKYSNGFTRLIPSMITLIGYLISFYLLSQATKTLPIGTAYAIWTGIGILGAVICGIIFFKEPLTALRIVFMILLLTGIIGLTATSS*,G16W,T17A,Y39M,I67A,T101K,,
216,18,0.01,Target: MAWLILIIAGIFEVVGAIALKYSNGFTRLIPSMITLIGMLISFYLLSQATKTLPIGTAYAIWTGIGALGAVICGIIFFKEPLTALRIVFMILLLTGIIGLTATSS*,G16W,T101K,,,,,
218,18,0.01,Target: MAWLILIIAGIFEVVWAIALKYSNGFTRLIPSMITLIGYLISFYLLSQATKTLPIGTAYAIWTGIGALGAVICGIIFFKEPLTALRIVFMILLLTGIIGLKATSS*,Y39M,,,,,,
219,18,0.01,Target: MAWLILIIAGIFEVVWAIALKYSNGFTRLIPSMITLIGYLISFYLLSQATKTLPIGTAYAIWTGIGALGAVICGIFFFKEPLTALRIVFMILLLTGIIGLKATSS*,Y39M,F76I,,,,,
220,18,0.01,Target: MAWLILIIAGIFEVVWAIALRYSNGFTRLIPSMITLIGYLISFYLLSQATKTLPIGTAYAIWTGIGALGAVICGIIFFKEPLTALRIVFMILLLTGIIGLKATSS*,R21K,Y39M,,,,,
222,17,0.01,Target: MAWLILIIAGIFEVVGTIALKYSNGFTRLIPSMITLIGYLISFYLLSQATKTLPIGTAYTIWTGIGALGAVICGIIFFKEPLTALRIVFMILLLTGIIGLKATSS*,G16W,T17A,Y39M,T60A,,,
223,17,0.01,Target: MAWLILIIAGILEVVGTIALKYSNGFTRLIPSMITLIGYLISFYLLSQATKTLPIGTAYAIWTGIGALGAVICGIIFFKEPLTALRIVFMILLLTGIIGLKATSS*,L12F,G16W,T17A,Y39M,,,
225,17,0.01,Target: MAWLILIIAGIFEVVGTIALKYSNGFTRLIPSMITLIGYLISFYLLSQATKTLPIGTAYAIWTGIGALGAVICGTIFFKEPLTALRIVFMILLLTGIIGLKATSS*,G16W,T17A,Y39M,T75I,,,
226,16,0.01,Target: MAWPILIIAGIFEVVGTIALKYSNGFTRLIPSMITLIGYLISFYLLSQATKTLPIGTAYAIWTGIGALGAVICGIIFFKEPLTALRIVFMILLLTGIIGLKATSS*,P4L,G16W,T17A,Y39M,,,
227,16,0.01,Target: MAWLILIIAIIFEVVGTIALKYSNGFTRLIPSMITLIGYLISFYLLSQATKTLPIGTAYAIWTGIGALGAVICCIIFFKEPLTALRIVFMILLLTGIIGLKATSS*,I10G,G16W,T17A,Y39M,C74G,,
228,16,0.01,Target: MAWLILIIAIIFEVVGAIALKYSNGFTRLIPSMITLIGYLISFYLLSQATKTLPIGTAYTIWTGIGALGAVICCIIFFKEPLTALRIVFMILLLTGIIGLNATSS*,I10G,G16W,Y39M,T60A,C74G,N101K,
229,16,0.01,Target: MAWLILIIAGIFEVVGTIALKYSNGFTRLIPSMITLIGYLISFYLLSQATKTLPIGTAYAIWTGIGALGAVICGIIFFKEPLTALRIVFMILLLTGIIGLKATSS*,G16W,T17A,Y39M,,,,
230,16,0.01,Target: MAWLILIIAGIFEVVGTIALKYSNGFTRLIPSMITLIGYLISFYLLSQATKTLPIGTAYAIWTGIGALGAVICGIIFFKEPLTALRIVFMILLLTGIIGLKATSS*,G16W,T17A,Y39M,,,,
231,16,0.01,Target: MAWLILIIAGIFEVVGTIALKYSNGFTRLIPSMITLIGMLISFYLLSQATKTLPIGTAYAIWTGIGALGAVICGIIFFKEPLTALRIVFMILLLTGIIGLTATSS*,G16W,T17A,T101K,,,,
232,16,0.01,Target: MAWLILIIAGIFEVVGTIALKYSNGFTRLIPSMITLIGYLISFYLLSQATKTLPIGTAYTIWTGIGILGAVICCIIFFKEPLTALRIVFMILLLTGIIGLKATSS*,G16W,T17A,Y39M,T60A,I67A,C74G,
233,16,0.01,Target: MAWLILIIAGIFEVVWAIALKYSNGFTRLIPSMITLIGYLISFYLLSQATKTLPIGTAYAIWTGIGILGAVICGIIFFKEPRTALRIVFMILLLTGIIGLKATSS*,Y39M,I67A,R82L,,,,
234,16,0.01,Target: MAWLILIIAGIFEVVWAIALKYSNGFTRLIPSMITLIGYLISFYLLSQATKTLPIGTAYAIWTGIGILGAVICGIIFFKEPLTALRIVFMILLLTGIIGLTATSS*,Y39M,I67A,T101K,,,,
235,16,0.01,Target: MAWLILIIAGIFEVVWAIALKYSNGFTRLIPSMITLIGYLISFYLLSQATKTLPIGTAYAIWTGIGALGAVICGTIFFKEPLTALRIVFMILLLTGIIGLKATSS*,Y39M,T75I,,,,,
236,16,0.01,Target: MAWLILIIAGIFEVVWAIALKYSNGFTRLIPSMITLIGYLISFYLLSQATKTLPIGTAYAIWTGIGALGAVICGIIFFKEPLTALRIVFMSLLLTGIIGLKATSS*,Y39M,S91I,,,,,
237,16,0.01,Target: MAWLILIIAGIFEVVWAIALKYSNGFTRLIPSMITLIGYLISFYLLSQATKTLPIGTAYAIWTGIGALGAVICGIIFFKEPLTALRIVFMILLLTGVIGLKATSS*,Y39M,V97I,,,,,
238,15,0.01,Target: MAWLILIIAIIFEVVGTIALKYSNGFTRLIPSMITLIGYLISFYLLSQATKTLPIGTAYTIWTGIGALGAVICGIIFFKEPRTALRIVFMILLLTGIIGLKATSS*,I10G,G16W,T17A,Y39M,T60A,R82L,
240,15,0.01,Target: MAWLILIIAGIFEVVGTIALKYSNGFTRLIPSMITLIGYLISFYLLSQATKTLPIGTAYAIWTGIGILGAVICGIIFFTEPLTALRIVFMILLLTGIIGLKATSS*,G16W,T17A,Y39M,I67A,T79K,,
241,15,0.01,Target: MAWLILIIAGIFEVVGTIALKYSNGFTRLIPSMITLIGYLISFYLLSQATKTLPIGTAYAIWTGIGALGAVICGIIFFKEPLTALRIVFMILLLTGIMGLKATSS*,G16W,T17A,Y39M,M98I,,,
242,15,0.01,Target: MAWLILIIAGIFEVVGTIALKYGNGFTRLIPSMITLIGYLISFYLLSQATKTLPIGTAYAIWTGIGALGAVICGIIFFKEPLTALRIVFMILLLTGIIGLKATSS*,G16W,T17A,G23S,Y39M,,,
243,15,0.01,Target: MAWLILIIAGIFEVVWATALKYSNGFTRLIPSMITLIGYLISFYLLSQATKTLPIGTAYAIWTGIGALGAVICGIIFFKEPLTALRIVFMILLLTGIIGLKATSS*,T18I,Y39M,,,,,
244,15,0.01,Target: MAWLILIIAGIFEVVWAIALKYSNGFTRLIPSMITPIGYLISFYLLSQATKTLPIGTAYAIWTGIGALGAVICGIIFFKEPLTALRIVFMILLLTGIIGLKATSS*,P36L,Y39M,,,,,
245,15,0.01,Target: MAWLILIIAGIFEVVWAIALKYSNGFTRLIPSMITLIGYLISFYLLSQATKTLPIGTAYAIWTGIGILGAVICGIIFFKEPLTALRIVFMILLLTGIMGLKATSS*,Y39M,I67A,M98I,,,,
246,15,0.01,Target: MAWLILIIAGIFEVVWAIALKYSNGFTRLIPSMITLIGYLISFYLLSQATKTLPIGTAYAIWTGIGALGAVICGIIFFKEPLTALRIVFMILLLTGIIGLKATSS*,Y39M,,,,,,
247,15,0.01,Target: MAWLILIIAGIFEVVWAIALKYSNGFTRLIPSMITLIGYLISFYLLSQATKTLPIGTAYAIWTGIGALGAVICGIIFFKEPLTALRIVFMILLLTGIIGLTATSS*,Y39M,T101K,,,,,
248,15,0.01,Target: MAWLVLIIAGIFEVVGTIALKYSNGFTRLIPSMITLIGYLISFYLLSQATKTLPIGTAYAIWTGIGALGAVICGIIFFKEPLTALRIVFMILLLTGIIGLKATSS*,V5I,G16W,T17A,Y39M,,,
250,14,0.01,Target: MAWLILIIAIIFEVVGAIALKYSNGFTRLIPSMITLIGYLISFYLLSQATKTLPIGTAYTIWTGIGALGAVICGIIFFKEPLTALRIVFMSLLLTGIIGLNATSS*,I10G,G16W,Y39M,T60A,S91I,N101K,
252,14,0.01,Target: MAWLILIIAGIFEVVGTIALKYSNGFTRLIPSMITLIGYLISFYLLSQATKTLPIGTAYAIWTGIGALGAVICGIIFFKEPLTALRIVFMILLLTGIIGLKATSS*,G16W,T17A,Y39M,,,,
254,14,0.01,Target: MAWLILIIAGIFEVVGTIALKYSNGFTRLIPSMITLIGYLISLYLLSQATKTLPIGTAYAIWTGIGALGAVICGIIFFKEPLTALRIVFMILLLTGIIGLKATSS*,G16W,T17A,Y39M,L43F,,,
255,14,0.01,Target: MAWLILIIAGIFEVVGTIALKYSNGFTRLIPSMITLIGYLISFYPLSQATKTLPIGTAYAIWTGIGALGAVICGIIFFKEPLTALRIVFMILLLTGIIGLKATSS*,G16W,T17A,Y39M,P45L,,,
257,14,0.01,Target: MAWLILIIAGIFEVVGTIALKYSNGFTRLIPSMITLIGYLISFYLLSQATKTLPIGTAYAIWTGIGALGAVICGIIFFKEPLTALRIVFMILLLTGIIGLKATSS*,G16W,T17A,Y39M,,,,
258,14,0.01,Target: MAWLILIIAGIFEVVGTIALKYSNGFTRLIPSMITLIGYLISFYLLSQATKTLPIGTAYAIWTGIGALGAVICGIIFYKEPLTALRIVFMILLLTGIIGLKATSS*,G16W,T17A,Y39M,Y78F,,,
259,14,0.01,Target: MAWLILIIAGIFEVVGTIALKYSNGFTRLIPSMITLIGYLISFYLLSQATKTLPIGTAYAIWTGIGALGAVICGIIFFKEPLTALRIVFMILLLTGIIGLKATSS*,G16W,T17A,Y39M,,,,
260,14,0.01,Target: MAWLILIIAGIFEVVGTIALKYSNGFTRLIPSMITLIGYLISFYLLSQATKTLPIGTAYAIWTGIGALGAVICGIIFFKEPLTALRIVFMILLLTGIIGLKATSS*,G16W,T17A,Y39M,,,,
261,14,0.01,Target: MAWLILIIAGIFEVVGAIALKYSNGFTRLIPSMITLIGMLISFYLLSQATKTLPIGTAYAIWTGIGALGAVICGIIFLKEPLTALRIVFMILLLTGIIGLKATSS*,G16W,L78F,,,,,
262,14,0.01,Target: MAWLILIIAGIFEVVCTIALKYSNGFTRLIPSMITLIGYLISFYLLSQATKTLPIGTAYAIWTGIGALGAVICGIIFFKEPLTALRIVFMILLLTGIIGLKATSS*,C16W,T17A,Y39M,,,,
264,14,0.01,Target: MAWLILIIAGIFEVVWAIALKYSNGSTRLIPSMITLIGYLISFYLLSQATKTLPIGTAYAIWTGIGALGAVICGIIFFKEPLTALRIVFMILLLTGIIGLKATSS*,S26F,Y39M,,,,,
265,14,0.01,Target: MAWLILIIAGIFEVVWAIALKYSNGFTRLIPSMITLIGYLISFYLLSQATKTLPIGTAYAIWTGIGALGAVICGIIFFKEPLTALRIVFMILLLTGIIGLKATSS*,Y39M,,,,,,
266,14,0.01,Target: MAWLILIIAGIFEVVWAIALKYSNGFTRLIPSMITLIGYLISFYLLSQATKTLPIGTAYTIWTGIGALGAVICGIIFFKEPLTALRIVFMILLLTGIIGLTATSS*,Y39M,T60A,T101K,,,,
267,14,0.01,Target: MAWLILIIAGIFEVVWAIALKYSNGFTRLIPSMITLIGYLISFYLLSQATKTLPIGTAYTIWTGIGALGAVICCIIFFKEPLTALRIVFMILLLTGIIGLKATSS*,Y39M,T60A,C74G,,,,
268,14,0.01,Target: MAWLILIIAGIFEVVWAIALKYSNGFTRLIPSMITLIGYLISFYLLSQATKTLPIGTAYAIWTGIGALGAVICGIIFYKEPLTALRIVFMILLLTGIIGLKATSS*,Y39M,Y78F,,,,,
270,14,0.01,Target: MAWLILIIAGIFEVVWAIALKYSNGFTRLIPSMITLIGYLISFYLLSQATKTLPIGTAYAIWTGIGALGAVICGIIFFKEPLTALRIVFMILLLTGIIGLKATSS*,Y39M,,,,,,
271,14,0.01,Target: MAWLILIIAGIFEVVWAIALKYSNGFTRLIPSMITLIGYLISFYLLSQATKTLPIGTAYAIWTGIGALGAVICGIIFFKEPLTALRIVFMILLLTGIIGLKATSS*,Y39M,,,,,,
272,14,0.01,Target: MAWLILIIAGIFEVVWAIALKYGNGFTRLIPSMITLIGYLISFYLLSQATKTLPIGTAYAIWTGIGALGAVICGIIFFKEPLTALRIVFMILLLTGIIGLKATSS*,G23S,Y39M,,,,,
273,13,0.01,Target: MAWLILIIAIIFEVVGTIALKYSNGFTRLIPSMITLIGYLISFYLLSQATKTLPIGTAYTIWTGIGILGAVICGIIFFKEPLTALRIVFMILLLTGIIGLNATSS*,I10G,G16W,T17A,Y39M,T60A,I67A,N101K
275,13,0.01,Target: MAWLILIIAGIFEVVRAIALKYSNGFTRLIPSMITLIGYLISFYLLSQATKTLPIGTAYAIWTGIGALGAVICGIIFFKEPLTALRIVFMILLLTGIIGLKATSS*,R16W,Y39M,,,,,
276,13,0.01,Target: MAWLILIIAGIFEVVGTIALKYSNGFTRLIPSMITLIGMLISFYLLSQATKTLPIGTAYAIWTGIGALGAVICGIIFFKEPLTALRIVFMILLLTGIIGLKATSS*,G16W,T17A,,,,,
277,13,0.01,Target: MAWLILIIAGIFEVVGTIALKYSNGFTRLIPSMITLIGMLISFYLLSQATKTLPIGTAYAIWTGIGALGAVICCIIFFKEPLTALRIVFMILLLTGIIGLNATSS*,G16W,T17A,C74G,N101K,,,
278,13,0.01,Target: MAWLILIIAGIFEVVGTIALKYSNGFTRLIPSMITLIGYLISFYLLSQATKTLPIGTAYAIWTGIGALGAVICGIIFFKEPLTALRIVFMILLLTGIIGLKATSS*,G16W,T17A,Y39M,,,,
279,13,0.01,Target: MAWLILIIAGIFEVVGTIALKYSNGFTRLIPSMITLIGYLISFYLLSQATKTLPIGTAYTIWTGIGALGAVICGIIFFKEPLTALRIVFMILLLTGIIGLKATSS*,G16W,T17A,Y39M,T60A,,,
280,13,0.01,Target: MAWLILIIAGIFEVVGTIALKYSNGFTRLIPSMITLIGYLISFYLLSQATKTLPIGTAYTIWTGIGALGAVICCIIFFKEPLTALRIVFMILLLTGIIGLKATSS*,G16W,T17A,Y39M,T60A,C74G,,
281,13,0.01,Target: MAWLILIIAGIFEVVGTIALKYSNGFTRLIPSMITLIGYLISFYLLSQATKTLPIGTAYAIWTGIGALGAVICGIIFFKEPLTALRIVFMILLLTGIIGLKATSS*,G16W,T17A,Y39M,,,,
282,13,0.01,Target: MAWLILIIAGIFEVVGTIALKYSNGFTRLIPSMITLIGYLISFYLLSQATKTLPIGTAYAIWTGIGILGAVICGIIFFKEPLTALRIVFMILLLTGIIGLKATSS*,G16W,T17A,Y39M,I67A,,,
283,13,0.01,Target: MAWLILIIAGIFEVVGTIALKYSNGFTRLIPSMITLIGYLISFYLLSQATKTLPIGTAYAIWTGIGALGAVICGIIFLKEPLTALRIVFMILLLTGIIGLKATSS*,G16W,T17A,Y39M,L78F,,,
285,13,0.01,Target: MAWLILIIAGIFEVVGTIALKYSNGFTRLIPSMITLIGYLISFYLLSQATKTLPIGTAYAIWTGIGALGAVICGIIFFKEPLTALRIVFMILLLTGIIGLKATSS*,G16W,T17A,Y39M,,,,
286,13,0.01,Target: MAWLILIIAGIFEVVGTIALKYSNGFTRLIPSMITLIGYLISFYLLSQATKTLPIGTAYAIWTGIGALGAVICGIIFFKEPLTALRIVFMILLPTGIIGLKATSS*,G16W,T17A,Y39M,P94L,,,
287,13,0.01,Target: MAWLILIIAGIFEVVGTIALKYSNGFTRLIPSMITLIGYLISFYLLSQATKTLPIGTAYAIWTGIGALGAVICGIIFFKEPLTALRIVFMILLLTGIIGLKATSG*,G16W,T17A,Y39M,G105S,,,
288,13,0.01,Target: MAWLILIIAGIFEVVGTIALKYSNGFTRLIPSMITLIGYLISFYLLSQATKTLPIGTAYAIWTGIGALGAVICGIIFFKEPLTALRIVFMILLLTGIIGLTATSS*,G16W,T17A,Y39M,T101K,,,
289,13,0.01,Target: MAWLILIIAGIFEVVGTIALKYSNGFTRLIPSMITLIGYLISFYLLSQATKTLPIGTAYAIWTGIGALGAVICGIIFFKDPLTALRIVFMILLLTGIIGLKATSS*,G16W,T17A,Y39M,D80E,,,
290,13,0.01,Target: MAWLILIIAGIFEVVGTIALRYSNGFTRLIPSMITLIGYLISFYLLSQATKTLPIGTAYAIWTGIGALGAVICGIIFFKEPLTALRIVFMILLLTGIIGLKATSS*,G16W,T17A,R21K,Y39M,,,
291,13,0.01,Target: MAWLILIIAGIFEVVGAIALKYSNGFTRLIPSMITLIGMLISFYLLSQATKTLPIGTAYAIWTGIGALGAVICGIIFFTEPLTALRIVFMILLLTGIIGLKATSS*,G16W,T79K,,,,,
293,13,0.01,Target: MAWLILIIAGIFEVVWTIALKYSNGFTRLIPSMITLIGYLISFYLLSQATKTLPIGTAYAIWTGIGALGAVICGIIFFKEPLTAPRIVFMILLLTGIIGLKATSS*,T17A,Y39M,P85L,,,,
294,13,0.01,Target: MAWLILIIAGIFEVVWTIALKYSNGFTRLIPSMITLIGYLISFYLLSQATKTLPIGTAYAIWTGIGALGAVICGIIFFKEPLTALRIVFMSLLLTGIIGLKATSS*,T17A,Y39M,S91I,,,,
295,13,0.01,Target: MAWLILIIAGIFEVVWAIALKYSNGFTRLIPSMITLIGYLISLYLLSQATKTLPIGTAYAIWTGIGILGAVICGIIFFKEPLTALRIVFMILLLTGIIGLNATSS*,Y39M,L43F,I67A,N101K,,,
296,13,0.01,Target: MAWLILIIAGIFEVVWAIALKYSNGFTRLIPSMITLIGYLISFYPLSQATKTLPIGTAYAIWTGIGALGAVICGIIFFKEPLTALRIVFMILLLTGIIGLKATSS*,Y39M,P45L,,,,,
297,13,0.01,Target: MAWLILIIAGIFEVVWAIALKYSNGFTRLIPSMITLIGYLISFYLPSQATKTLPIGTAYAIWTGIGALGAVICGIIFFKEPLTALRIVFMILLLTGIIGLKATSS*,Y39M,P46L,,,,,
298,13,0.01,Target: MAWLILIIAGIFEVVWAIALKYSNGFTRLIPSMITLIGYLISFYLLSQATKTLPIGTAYTIWTGIGILGAVICGIIFFKEPRTALRIVFMILLLTGIIGLKATSS*,Y39M,T60A,I67A,R82L,,,
299,13,0.01,Target: MAWLILIIAGIFEVVWAIALKYSNGFTRLIPSMITLIGYLISFYLLSQATKTLPIGTAYTIWTGIGILGAVICGIIFFKEPLTALRIVFMSLLLTGIIGLKATSS*,Y39M,T60A,I67A,S91I,,,
300,13,0.01,Target: MAWLILIIAGIFEVVWAIALKYSNGFTRLIPSMITLIGYLISFYLLSQATKTLPIGTAYTIWTGIGALGAVICGIIFFKEPLTALRIVFMILLLTGIIGLTATSS*,Y39M,T60A,T101K,,,,
301,13,0.01,Target: MAWLILIIAGIFEVVWAIALKYSNGFTRLIPSMITLIGYLISFYLLSQATKTLPIGTAYAIWTGIGILGAVICGIIFFKEPLTALRIVFMILLLTGIIGLNATSS*,Y39M,I67A,N101K,,,,
302,13,0.01,Target: MAWLILIIAGIFEVVWAIALKYSNGFTRLIPSMITLIGYLISFYLLSQATKTLPIGTAYAIWTGIGALGAVICGIIFFKEPLTALRIVFTILLLTGIIGLKATSS*,Y39M,T90M,,,,,
303,13,0.01,Target: MAWLILIIAGIFEVVWAIALKYSNGFTRLIPSMITLIGYLISFYLLSQATKTLPIGTAYAIWTGIGALGAVICGIIFFKEPLTALRIVFMILLLTGIIGLKATSS*,Y39M,,,,,,
304,13,0.01,Target: MAWLILIIAGIFEVVWAIALKYSNGFTRLIPSMITLIGYLISFYLLSQATKTLPIGTAYAIWTGIGALGAVICGIIFFKEPLTALRIVFMILLLTGIIGLKATSS*,Y39M,,,,,,
305,13,0.01,Target: MAWLILIIAGIFEVVWAIALKYSNGFTRLIPSMITLIGYLISFYLLSQATKTLPIGTAYAIWTGIGALGAVICGIIFFTEPLTALRIVFMILLLTGIIGLNATSS*,Y39M,T79K,N101K,,,,
306,13,0.01,Target: MAWLILIIAGIFEVVWAIALKYSNGFTRLIPSMITLIGYLISFYLLSQAAKTLPIGTAYAIWTGIGALGAVICGIIFFKEPLTALRIVFMILLLTGIIGLNATSS*,Y39M,A50T,N101K,,,,
307,13,0.01,Target: MAWLILIIAGIFEVVWAIALRYSNGFTRLIPSMITLIGYLISFYLLSQATKTLPIGTAYTIWTGIGALGAVICGIIFFKEPLTALRIVFMILLLTGIIGLKATSS*,R21K,Y39M,T60A,,,,
308,13,0.01,Target: MAWLILIIAGIFGVVWAIALKYSNGFTRLIPSMITLIGYLISFYLLSQATKTLPIGTAYAIWTGIGALGAVICGIIFFKEPLTALRIVFMILLLTGIIGLKATSS*,G13E,Y39M,,,,,
309,13,0.01,Target: MAWLILVIAGIFEVVGTIALKYSNGFTRLIPSMITLIGYLISFYLLSQATKTLPIGTAYAIWTGIGALGAVICGIIFFKEPLTALRIVFMILLLTGIIGLKATSS*,V7I,G16W,T17A,Y39M,,,
310,12,0.01,Target: MAWPILIIAGIFEVVWAIALKYSNGFTRLIPSMITLIGYLISFYLLSQATKTLPIGTAYAIWTGIGALGAVICGIIFFKEPLTALRIVFMILLLTGIIGLKATSS*,P4L,Y39M,,,,,
311,12,0.01,Target: MAWLILIIAIIFEVVGTIALKYSNGFTRLIPSMITLIGYLISFYLLSQATKTLPIGTAYTIWTGIGILGAVICGIIFFKEPRTALRIVFMILLLTGIIGLKATSS*,I10G,G16W,T17A,Y39M,T60A,I67A,R82L
312,12,0.01,Target: MAWLILIIAIIFEVVGTIALKYSNGFTRLIPSMITLIGYLISFYLLSQATKTLPIGTAYTIWTGIGALGAVICGIIFFKEPLTALRIVFMILLLTGIIGLKATSS*,I10G,G16W,T17A,Y39M,T60A,,
314,12,0.01,Target: MAWLILIIAIIFEVVGAIALKYSNGFTRLIPSMITLIGYLISFYLLSQATKTLPIGTAYAIWTGIGALGAVICGIIFFKEPLTALRIVFMILLLTGIIGLNATSS*,I10G,G16W,Y39M,N101K,,,
315,12,0.01,Target: MAWLILIIAGIFEVVGTIALKYSNGFTRLIPSMITLIGMLISFYLLSQATKTLPIGTAYTIWTGIGILGAVICGIIFFKEPLTALRIVFMILLLTGIIGLTATSS*,G16W,T17A,T60A,I67A,T101K,,
317,12,0.01,Target: MAWLILIIAGIFEVVGTIALKYSNGFTRLIPSMITLIGMLISFYLLSQATKTLPIGTAYAIWTGIGALGAVICGIIFFKEPLTALRIVFMILLLTGIIGLKATSG*,G16W,T17A,G105S,,,,
318,12,0.01,Target: MAWLILIIAGIFEVVGTIALKYSNGFTRLIPSMITLIGYLISFYLLSQATKTLPIGTAYAIWTGIGALGAVICGIISFKEPLTALRIVFMILLLTGIIGLKATSS*,G16W,T17A,Y39M,S77F,,,
319,12,0.01,Target: MAWLILIIAGIFEVVGTIALKYSNGFTRLIPSMITLIGYLISFYLLSQATKTLPIGTAYAIWTGIGALGAVICGIIFFKGPLTALRIVFMILLLTGIIGLKATSS*,G16W,T17A,Y39M,G80E,,,
320,12,0.01,Target: MAWLILIIAGIFEVVGTIALKYSNGFTRLIPSMITLIGYLISFYLLSQATKTLPIGTAYAIWTGIGALGAVICGIIFFKEPLTALRIVFMILLLTGIIGLKATSS*,G16W,T17A,Y39M,,,,
322,12,0.01,Target: MAWLILIIAGIFEVVGAIALKYSNGFTRLIPSMITLIGMLISFYLLSQATKTLPIGTAYAIWTGIGALGAVICGIIFFKEPLTALRIVFMILLLAGIIGLKATSS*,G16W,A95T,,,,,
324,12,0.01,Target: MAWLILIIAGIFEVVWTIALKYSNGFTRLIPSMITLIGYLISFYLLSQATKTLPIGTAYAIWTGIGALGAVICGIIFFKEPRTALRIVFMILLLTGIIGLKATSS*,T17A,Y39M,R82L,,,,
325,12,0.01,Target: MAWLILIIAGIFEVVWTIALKYSNGFTRLIPSMITLIGYLISFYLLSQATKTLPIGTAYAIWTGIGALGAVICGIIFFTEPLTALRIVFMILLLTGIIGLKATSS*,T17A,Y39M,T79K,,,,
326,12,0.01,Target: MAWLILIIAGIFEVVWAIALKYSNGFTRLIPSMITLIGYLISFYLLSQATKTLPIGTAYAIWTGIGILGAVICGIIFFKEPLTALRIVFMILLLTGIIGLNATSS*,Y39M,I67A,N101K,,,,
327,12,0.01,Target: MAWLILIIAGIFEVVWAIALKYSNGFTRLIPSMTTLIGYLISFYLLSQATKTLPIGTAYAIWTGIGALGAVICGIIFFKEPLTALRIVFMILLLTGIIGLKATSS*,T34I,Y39M,,,,,
328,12,0.01,Target: MAWLILIIAGIFEVVWAIALKYSNGFTRLIPSMITLIGYLISFYLLSQATKTLPIGTAYAIWTGIGALGAVICGIIFFKEPLTALRIVFMILLLTGIIGLKATSS*,Y39M,,,,,,
329,12,0.01,Target: MAWLILIIAGIFEVVWAIALKYSNGFTRLIPSMITLIGYLISSYLLSQATKTLPIGTAYAIWTGIGALGAVICGIIFFKEPLTALRIVFMILLLTGIIGLKATSS*,Y39M,S43F,,,,,
330,12,0.01,Target: MAWLILIIAGIFEVVWAIALKYSNGFTRLIPSMITLIGYLISFYLLSQATKTLPIGTAYTIWTGIGALGAVICGIIFFKEPLTALRIVFMILLLTGIIGLNATSS*,Y39M,T60A,N101K,,,,
331,12,0.01,Target: MAWLILIIAGIFEVVWAIALKYSNGFTRLIPSMITLIGYLISFYLLSQATKTLPIGTAYTIWTGIGALGAVICGIIFFTEPLTALRIVFMILLLTGIIGLNATSS*,Y39M,T60A,T79K,N101K,,,
332,12,0.01,Target: MAWLILIIAGIFEVVWAIALKYSNGFTRLIPSMITLIGYLISFYLLSQATKTLPIGTAYAIWTGIGILGAVICGIIFFKEPLTALRIVFMILLLTGIIGLKATSS*,Y39M,I67A,,,,,
333,12,0.01,Target: MAWLILIIAGIFEVVWAIALKYSNGFTRLIPSMITLIGYLISFYLLSQATKTLPIGTAYAIWTGIGILGAVICGIIFLKEPLTALRIVFMILLLTGIIGLNATSS*,Y39M,I67A,L78F,N101K,,,
334,12,0.01,Target: MAWLILIIAGIFEVVWAIALKYSNGFTRLIPSMITLIGYLISFYLLSQATKTLPIGTAYAIWTGIGILGAVICGIIFYKEPLTALRIVFMILLLTGIIGLKATSS*,Y39M,I67A,Y78F,,,,
335,12,0.01,Target: MAWLILIIAGIFEVVWAIALKYSNGFTRLIPSMITLIGYLISFYLLSQATKTLPIGTAYAIWTGIGILGAVICGIIFFKEPLTALRIVFMILLLTGIIGLNATSS*,Y39M,I67A,N101K,,,,
336,12,0.01,Target: MAWLILIIAGIFEVVWAIALKYSNGFTRLIPSMITLIGYLISFYLLSQATKTLPIGTAYAIWTGIGILGAVICGIIFFKGPLTALRIVFMILLLTGIIGLNATSS*,Y39M,I67A,G80E,N101K,,,
337,12,0.01,Target: MAWLILIIAGIFEVVWAIALKYSNGFTRLIPSMITLIGYLISFYLLSQATKTLPIGTAYAIWTGIGALGAVICGIIFLKEPLTALRIVFMILLLTGIIGLKATSS*,Y39M,L78F,,,,,
338,12,0.01,Target: MAWLILIIAGIFEVVWAIALKYSNGFTRLIPSMITLIGYLISFYLLSQATKTLPIGTAYAIWTGIGALGAVICGIIFSKEPLTALRIVFMILLLTGIIGLKATSS*,Y39M,S78F,,,,,
339,12,0.01,Target: MAWLILIIAGIFEVVWAIALKYSNGFTRLIPSMITLIGYLISFYLLSQATKTLPIGTAYAIWTGIGALGAVICGIIFFKEPLTAPRIVFMILLLTGIIGLKATSS*,Y39M,P85L,,,,,
340,12,0.01,Target: MAWLILIIAGIFEVVWAIALKYSNGFTRLIPSMITLIGYLISFYLLSQATKTLPIGTAYAIWTGIGALGAVICGIIFFKEPLTALRIVFMILLLTGIIGLKAASS*,Y39M,A103T,,,,,
341,12,0.01,Target: MAWLILIIAGIFEVVWAIALKYSNGFTRLIPSMITLIGYLISFYLLSQATKTLPIGTAYAIWTGIGALGAVICGIIFFKEPLTALRIVFMVLLLTGIIGLKATSS*,Y39M,V91I,,,,,
342,12,0.01,Target: MAWLILIIAGIFEVVWAIALKYSNGFTRLIPSMITLIGYLISFYLLSQATKTLPIGTAYAVWTGIGALGAVICGIIFFKEPLTALRIVFMILLLTGIIGLKATSS*,Y39M,V61I,,,,,
343,11,0.01,Target: MARLILIIAGIFEVVGTIALKYSNGFTRLIPSMITLIGYLISFYLLSQATKTLPIGTAYAIWTGIGALGAVICGIIFFKEPLTALRIVFMILLLTGIIGLKATSS*,R3W,G16W,T17A,Y39M,,,
344,11,0.01,Target: MARLILIIAGIFEVVWAIALKYSNGFTRLIPSMITLIGYLISFYLLSQATKTLPIGTAYAIWTGIGALGAVICGIIFFKEPLTALRIVFMILLLTGIIGLKATSS*,R3W,Y39M,,,,,
345,11,0.01,Target: MAWPILIIAGIFEVVWAIALKYSNGFTRLIPSMITLIGYLISFYLLSQATKTLPIGTAYAIWTGIGILGAVICGIIFFKEPLTALRIVFMILLLTGIIGLNATSS*,P4L,Y39M,I67A,N101K,,,
346,11,0.01,Target: MAWLILIIAIIFEVVGTIALKYSNGFTRLIPSMITLIGYLISFYLLSQATKTLPIGTAYTIWTGIGALGAVICGIIFFKEPLTALRIVFMILPLTGIIGLKATSS*,I10G,G16W,T17A,Y39M,T60A,P93L,
347,11,0.01,Target: MAWLILIIAIIFEVVGTIALKYSNGFTRLIPSMITLIGYLISFYLLSQATKTLPIGTAYTIWTGIGALGAVICGIIFFKEPLTALRIVFMILLLTGIMGLKATSS*,I10G,G16W,T17A,Y39M,T60A,M98I,
349,11,0.01,Target: MAWLILIIAIIFEVVGAIALKYSNGFTRLIPSMITLIGYLISFYLLSQATKTLPIGTAYTIWTGIGALGAVICCIIFFKEPLTALRIVFMILLLTGIIGLKATSS*,I10G,G16W,Y39M,T60A,C74G,,
351,11,0.01,Target: MAWLILIIAIIFEVVGAIALKYSNGFTRLIPSMITLIGYLISFYLLSQATKTLPIGTAYAIWTGIGALGAVICCIIFFKEPLTALRIVFMILLLTGIIGLKATSS*,I10G,G16W,Y39M,C74G,,,
352,11,0.01,Target: MAWLILIIAGIFEVVWAIALKYSNGFTRLIPSMITLIGYLISFYLLSQATKTLPIGTAYTIWTGIGILGAVICGIIFFKEPLTALRIVFMILLLTGIIGLKATSS*,Y39M,T60A,I67A,,,,
353,11,0.01,Target: MAWLILIIAGIFEVVGTIALKYSNGFTRPIPSMITLIGYLISFYLLSQATKTLPIGTAYAIWTGIGALGAVICGIIFFKEPLTALRIVFMILLLTGIIGLKATSS*,G16W,T17A,P29L,Y39M,,,
355,11,0.01,Target: MAWLILIIAGIFEVVGTIALKYSNGFTRLIPSMITLIGMLISFYLLSQATKTLPIGTAYAIWTGIGALGAVICGIIFFTEPLTALRIVFMILLLTGIIGLNATSS*,G16W,T17A,T79K,N101K,,,
356,11,0.01,Target: MAWLILIIAGIFEVVGTIALKYSNGFTRLIPSMITLIGYPISFYLLSQATKTLPIGTAYAIWTGIGILGAVICGIIFFKEPLTALRIVFMILLLTGIIGLNATSS*,G16W,T17A,Y39M,P40L,I67A,N101K,
358,11,0.01,Target: MAWLILIIAGIFEVVGTIALKYSNGFTRLIPSMITLIGYLISFYLLSQATKTLPIGTAYAIWTGIGILGAVICGIIFFKEPLTALRIVFMILLLTGIIGLNATSS*,G16W,T17A,Y39M,I67A,N101K,,
359,11,0.01,Target: MAWLILIIAGIFEVVGTIALKYSNGFTRLIPSMITLIGYLISFYLLSQATKTLPIGTAYAIWTGIGALGAVICGIIFFKEPLTALRIVFMILLLTGIIGLKATSS*,G16W,T17A,Y39M,,,,
360,11,0.01,Target: MAWLILIIAGIFEVVGTIALKYSNGFTRLIPSMITLIGYLISFYLLSQATKTLPIGTAYAIWTGIGALGAVICGIIFFKEPLTALRIVFMILLLTGIIGLKATSS*,G16W,T17A,Y39M,,,,
361,11,0.01,Target: MAWLILIIAGIFEVVGTIALKYSNGFTRLIPSMITLIGYLISFYLLSQATKTLPIGTAYAIWTGIGALGAVICGIIFLKEPLTALRIVFMILLLTGIIGLKATSS*,G16W,T17A,Y39M,L78F,,,
362,11,0.01,Target: MAWLILIIAGIFEVVGTIALKYSNGFTRLIPSMITLIGYLISFYLLSQATKTLPIGTAYAIWTGIGALGAVICGIIFFKEPLTALRIVFMSLLLTGIIGLKATSS*,G16W,T17A,Y39M,S91I,,,
363,11,0.01,Target: MAWLILIIAGIFEVVGTIALKYSNGFTRLIPSMITLIGYLISFYLLSQATKTLPIGTAYAIWTGIGALGAVICGIIFFKEPLTALRIVFMILLLAGIIGLKATSS*,G16W,T17A,Y39M,A95T,,,
364,11,0.01,Target: MAWLILIIAGIFEVVGTIALKYSNGFTRLIPSMITLIGYLISFYLLSQATKTLPIGTAYAIWTGIGALGAVICGIIFFKEPLTALRIVFMVLLLTGIIGLKATSS*,G16W,T17A,Y39M,V91I,,,
365,11,0.01,Target: MAWLILIIAGIFEVVGTIALKYSNGFTRLIPSMITLIGYLISFYLLSQATKTLPIGTAYAIWTGIGALGAVICGIIFFKEPLAALRIVFMILLLTGIIGLKATSS*,G16W,T17A,Y39M,A83T,,,
366,11,0.01,Target: MAWLILIIAGIFEVVGTIALKYSNGFTRLIPSMITLIGYLISFYLLSQATKTLPIGTAYAIWTGIGALGAVICGIIFFKEPLTALRIVFMILLLTGIIGLKATSS*,G16W,T17A,Y39M,,,,
367,11,0.01,Target: MAWLILIIAGIFEVVGTIALKYSNGFTRLIPSMITLIGYLISFYLLSQATKTLPIGTAYAIWTGIGALGAVICGIFFFKEPLTALRIVFMILLLTGIIGLKATSS*,G16W,T17A,Y39M,F76I,,,
368,11,0.01,Target: MAWLILIIAGIFEVVGTIALKYSNGFTRLIPSMITLIGYLISFYLLSQATKTLPIGAAYAIWTGIGALGAVICGIIFFKEPLTALRIVFMILLLTGIIGLKATSS*,G16W,T17A,Y39M,A57T,,,
369,11,0.01,Target: MAWLILIIAGIFEVVGTIALKYSNGFTRLIPSMITLIGYLISFYLLSQATETLPIGTAYAIWTGIGALGAVICGIIFFKEPLTALRIVFMILLLTGIIGLKATSS*,G16W,T17A,Y39M,E51K,,,
370,11,0.01,Target: MAWLILIIAGIFEVVGTIALKYSNGFTRLIPSMITLIGYLISFYLLSQAAKTLPIGTAYAIWTGIGALGAVICGIIFFKEPLTALRIVFMILLLTGIIGLKATSS*,G16W,T17A,Y39M,A50T,,,
371,11,0.01,Target: MAWLILIIAGIFEVVGTIALEYSNGFTRLIPSMITLIGYLISFYLLSQATKTLPIGTAYAIWTGIGALGAVICGIIFFKEPLTALRIVFMILLLTGIIGLKATSS*,G16W,T17A,E21K,Y39M,,,
372,11,0.01,Target: MAWLILIIAGIFEVVGAIALKYSNGFTRLIPSMITLIGMLISFYLLSQATKTLPIGTAYAIWTGIGALGAVICGIIFFKEPLTALRIVFMILLLTGIIGLKATSS*,G16W,,,,,,
374,11,0.01,Target: MAWLILIIAGIFEVVGAIALKYSNGFTRLIPSMITLIGMLISFYLLSQATKTLPIGTAYAIWTGIGALGAVICGIIFFKEPLTALRIVFMILLLTGVIGLKATSS*,G16W,V97I,,,,,
376,11,0.01,Target: MAWLILIIAGIFEVVWTIALKYSNGFTRLIPSMITLIGYLISFYLLSQATKTLPIGTAYAIWTGIGALGAVICGIIFYKEPLTALRIVFMILLLTGIIGLKATSS*,T17A,Y39M,Y78F,,,,
377,11,0.01,Target: MAWLILIIAGIFEVVWTIALKYSNGFTRLIPSMITLIGYLISFYLLSQATKTLPIGTAYAIWTGIGALGAVICGIIFFKEPLTALRIVFMILLLTGIIGLKATSS*,T17A,Y39M,,,,,
378,11,0.01,Target: MAWLILIIAGIFEVVWAIALKYSNGFTRLIPSTITLIGYLISFYLLSQATKTLPIGTAYAIWTGIGALGAVICGIIFFKEPLTALRIVFMILLLTGIIGLKATSS*,T33M,Y39M,,,,,
379,11,0.01,Target: MAWLILIIAGIFEVVWAIALKYSNGFTRLIPSMITLIGYLISFYLLSQATKTLPTGTAYAIWTGIGALGAVICGIIFFKEPLTALRIVFMILLLTGIIGLKATSS*,Y39M,T55I,,,,,
382,11,0.01,Target: MAWLILIIAGIFEVVWAIALKYSNGFTRLIPSMITLIGYLISFYLLSQATKTLPIGTAYTIWTGIGALGAVICGIIFFKEPLTALRIVFMSLLLTGIIGLNATSS*,Y39M,T60A,S91I,N101K,,,
383,11,0.01,Target: MAWLILIIAGIFEVVWAIALKYSNGFTRLIPSMITLIGYLISFYLLSQATKTLPIGTAYAIWTGIGILGAVICGIIFFKEPLTALRIVFMILLLTGIIGLKATSS*,Y39M,I67A,,,,,
384,11,0.01,Target: MAWLILIIAGIFEVVWAIALKYSNGFTRLIPSMITLIGYLISFYLLSQATKTLPIGTAYAIWTGIGILGAVICGTIFFKEPLTALRIVFMILLLTGIIGLKATSS*,Y39M,I67A,T75I,,,,
385,11,0.01,Target: MAWLILIIAGIFEVVWAIALKYSNGFTRLIPSMITLIGYLISFYLLSQATKTLPIGTAYAIWTGIGILGAVICGIIFFKEPLTALRIAFMILLLTGIIGLNATSS*,Y39M,I67A,A88V,N101K,,,
386,11,0.01,Target: MAWLILIIAGIFEVVWAIALKYSNGFTRLIPSMITLIGYLISFYLLSQATKTLPIGTAYAIWTGIGILGAVICGIIFFKEPLTALRIVFMILLLTGIIGLNAASS*,Y39M,I67A,N101K,A103T,,,
388,11,0.01,Target: MAWLILIIAGIFEVVWAIALKYSNGFTRLIPSMITLIGYLISFYLLSQATKTLPIGTAYAIWTGIGALGAVICGIILFKEPLTALRIVFMILLLTGIIGLKATSS*,Y39M,L77F,,,,,
389,11,0.01,Target: MAWLILIIAGIFEVVWAIALKYSNGFTRLIPSMITLIGYLISFYLLSQATKTLPIGTAYAIWTGIGALGAVICGIIFFKEPLAALRIVFMILLLTGIIGLKATSS*,Y39M,A83T,,,,,
390,11,0.01,Target: MAWLILIIAGIFEVVWAIALKYSNGFTRLIPSMITLIGYLISFYLLSQATKTLPIGTAYAIWTGIGVLGAVICGIIFFKEPLTALRIVFMILLLTGIIGLNATSS*,Y39M,V67A,N101K,,,,
391,11,0.01,Target: MAWLILIIAGIFEVVWAIALKYSNGFTRLIPSMITLIGYLISFYLLSQATKTLPIGTAYAIWAGIGILGAVICGIIFFKEPLTALRIVFMILLLTGIIGLNATSS*,Y39M,A63T,I67A,N101K,,,
392,11,0.01,Target: MAWLILIIAGIFEVVWAIALKYSNGFTRLIPSMITLIGYLISFYLLSQATKALPIGTAYAIWTGIGALGAVICGIIFFKEPLTALRIVFMILLLTGIIGLKATSS*,Y39M,A52T,,,,,
393,11,0.01,Target: MAWLILIIAGIFEVVWAIALKYSNGFTRLIPSMITLIGYLISFYLLSQATRTLPIGTAYAIWTGIGALGAVICGIIFFKEPLTALRIVFMILLLTGIIGLKATSS*,Y39M,R51K,,,,,
394,11,0.01,Target: MAWLILIIAGIFEVVWAIALKYSNGFTRLIPSMITLIGYLISFYLLSQAAKTLPIGTAYAIWTGIGILGAVICGIIFFKEPLTALRIVFMILLLTGIIGLNATSS*,Y39M,A50T,I67A,N101K,,,
395,11,0.01,Target: MAWLILIIAGIFEVVWAIALKYSNGFTRLVPSMITLIGYLISFYLLSQATKTLPIGTAYAIWTGIGALGAVICGIIFFKEPLTALRIVFMILLLTGIIGLKATSS*,V30I,Y39M,,,,,
